[
{
  "model": "cities.city",
  "pk": 2,
  "fields": {
    "name": "Мадрид"
  }
},
{
  "model": "cities.city",
  "pk": 3,
  "fields": {
    "name": "Варшава"
  }
},
{
  "model": "cities.city",
  "pk": 4,
  "fields": {
    "name": "Хельсинки"
  }
},
{
  "model": "cities.city",
  "pk": 6,
  "fields": {
    "name": "Краков"
  }
},
{
  "model": "cities.city",
  "pk": 9,
  "fields": {
    "name": "Ливерпуль"
  }
},
{
  "model": "cities.city",
  "pk": 10,
  "fields": {
    "name": "Вена"
  }
},
{
  "model": "cities.city",
  "pk": 11,
  "fields": {
    "name": "Рига"
  }
},
{
  "model": "cities.city",
  "pk": 12,
  "fields": {
    "name": "Амстердам"
  }
},
{
  "model": "cities.city",
  "pk": 13,
  "fields": {
    "name": "Берлин"
  }
},
{
  "model": "cities.city",
  "pk": 14,
  "fields": {
    "name": "Париж"
  }
},
{
  "model": "cities.city",
  "pk": 15,
  "fields": {
    "name": "Брюссель"
  }
},
{
  "model": "cities.city",
  "pk": 16,
  "fields": {
    "name": "София"
  }
},
{
  "model": "cities.city",
  "pk": 17,
  "fields": {
    "name": "Будапешт"
  }
},
{
  "model": "cities.city",
  "pk": 18,
  "fields": {
    "name": "Афины"
  }
},
{
  "model": "cities.city",
  "pk": 19,
  "fields": {
    "name": "Копенгаген"
  }
},
{
  "model": "cities.city",
  "pk": 20,
  "fields": {
    "name": "Дублин"
  }
},
{
  "model": "cities.city",
  "pk": 21,
  "fields": {
    "name": "Рейкьявик"
  }
},
{
  "model": "cities.city",
  "pk": 22,
  "fields": {
    "name": "Рим"
  }
},
{
  "model": "cities.city",
  "pk": 23,
  "fields": {
    "name": "Вильнюс"
  }
},
{
  "model": "cities.city",
  "pk": 24,
  "fields": {
    "name": "Люксембург"
  }
},
{
  "model": "cities.city",
  "pk": 25,
  "fields": {
    "name": "Осло"
  }
},
{
  "model": "cities.city",
  "pk": 26,
  "fields": {
    "name": "Лиссабон"
  }
},
{
  "model": "cities.city",
  "pk": 27,
  "fields": {
    "name": "Братислава"
  }
},
{
  "model": "cities.city",
  "pk": 28,
  "fields": {
    "name": "Загреб"
  }
},
{
  "model": "cities.city",
  "pk": 29,
  "fields": {
    "name": "Прага"
  }
},
{
  "model": "cities.city",
  "pk": 30,
  "fields": {
    "name": "Берн"
  }
},
{
  "model": "cities.city",
  "pk": 31,
  "fields": {
    "name": "Стокгольм"
  }
},
{
  "model": "cities.city",
  "pk": 32,
  "fields": {
    "name": "Таллинн"
  }
},
{
  "model": "cities.city",
  "pk": 35,
  "fields": {
    "name": "Лондон"
  }
},
{
  "model": "cities.city",
  "pk": 36,
  "fields": {
    "name": "Венеция"
  }
},
{
  "model": "routes.route",
  "pk": 1,
  "fields": {
    "name": "number1",
    "travel_times": 40,
    "from_city": 2,
    "to_city": 4,
    "trains": [
      6,
      14,
      13,
      12
    ]
  }
},
{
  "model": "routes.route",
  "pk": 2,
  "fields": {
    "name": "DK8",
    "travel_times": 10,
    "from_city": 12,
    "to_city": 13,
    "trains": [
      14,
      13,
      9
    ]
  }
},
{
  "model": "routes.route",
  "pk": 3,
  "fields": {
    "name": "BD6",
    "travel_times": 8,
    "from_city": 13,
    "to_city": 18,
    "trains": [
      14,
      13,
      9,
      10
    ]
  }
},
{
  "model": "routes.route",
  "pk": 4,
  "fields": {
    "name": "AB",
    "travel_times": 12,
    "from_city": 12,
    "to_city": 13,
    "trains": [
      15,
      14,
      9
    ]
  }
},
{
  "model": "routes.route",
  "pk": 5,
  "fields": {
    "name": "LB",
    "travel_times": 20,
    "from_city": 35,
    "to_city": 13,
    "trains": [
      7,
      8,
      13,
      9
    ]
  }
},
{
  "model": "routes.route",
  "pk": 6,
  "fields": {
    "name": "BP",
    "travel_times": 8,
    "from_city": 13,
    "to_city": 14,
    "trains": [
      6,
      13,
      9
    ]
  }
},
{
  "model": "routes.route",
  "pk": 7,
  "fields": {
    "name": "MD",
    "travel_times": 20,
    "from_city": 2,
    "to_city": 13,
    "trains": [
      6,
      16,
      18,
      19,
      23
    ]
  }
},
{
  "model": "routes.route",
  "pk": 8,
  "fields": {
    "name": "AV5",
    "travel_times": 33,
    "from_city": 18,
    "to_city": 3,
    "trains": [
      25,
      24,
      21
    ]
  }
},
{
  "model": "routes.route",
  "pk": 9,
  "fields": {
    "name": "LB4",
    "travel_times": 35,
    "from_city": 35,
    "to_city": 13,
    "trains": [
      6,
      7,
      8,
      14,
      13,
      9,
      12,
      25
    ]
  }
},
{
  "model": "routes.route",
  "pk": 10,
  "fields": {
    "name": "MB",
    "travel_times": 123,
    "from_city": 12,
    "to_city": 35,
    "trains": [
      6,
      10,
      22,
      25,
      28,
      30,
      23
    ]
  }
},
{
  "model": "routes.route",
  "pk": 11,
  "fields": {
    "name": "AB-6",
    "travel_times": 18,
    "from_city": 18,
    "to_city": 13,
    "trains": [
      28
    ]
  }
},
{
  "model": "trains.train",
  "pk": 6,
  "fields": {
    "name": "TGV",
    "travel_time": 2,
    "from_city": 14,
    "to_city": 15
  }
},
{
  "model": "trains.train",
  "pk": 7,
  "fields": {
    "name": "Eurostar",
    "travel_time": 3,
    "from_city": 35,
    "to_city": 14
  }
},
{
  "model": "trains.train",
  "pk": 8,
  "fields": {
    "name": "Eurostar Sncv",
    "travel_time": 4,
    "from_city": 35,
    "to_city": 15
  }
},
{
  "model": "trains.train",
  "pk": 9,
  "fields": {
    "name": "Thalys",
    "travel_time": 6,
    "from_city": 13,
    "to_city": 12
  }
},
{
  "model": "trains.train",
  "pk": 10,
  "fields": {
    "name": "Deutsche Bahn",
    "travel_time": 8,
    "from_city": 13,
    "to_city": 14
  }
},
{
  "model": "trains.train",
  "pk": 11,
  "fields": {
    "name": "Railjet Xpress",
    "travel_time": 13,
    "from_city": 13,
    "to_city": 17
  }
},
{
  "model": "trains.train",
  "pk": 12,
  "fields": {
    "name": "InterCity-Express",
    "travel_time": 11,
    "from_city": 13,
    "to_city": 17
  }
},
{
  "model": "trains.train",
  "pk": 13,
  "fields": {
    "name": "EuroCity",
    "travel_time": 5,
    "from_city": 13,
    "to_city": 3
  }
},
{
  "model": "trains.train",
  "pk": 14,
  "fields": {
    "name": "EuroCity-Express",
    "travel_time": 4,
    "from_city": 13,
    "to_city": 29
  }
},
{
  "model": "trains.train",
  "pk": 15,
  "fields": {
    "name": "X 2000",
    "travel_time": 1,
    "from_city": 19,
    "to_city": 13
  }
},
{
  "model": "trains.train",
  "pk": 16,
  "fields": {
    "name": "BV",
    "travel_time": 10,
    "from_city": 13,
    "to_city": 3
  }
},
{
  "model": "trains.train",
  "pk": 17,
  "fields": {
    "name": "BV1",
    "travel_time": 12,
    "from_city": 13,
    "to_city": 3
  }
},
{
  "model": "trains.train",
  "pk": 18,
  "fields": {
    "name": "BV2",
    "travel_time": 15,
    "from_city": 13,
    "to_city": 3
  }
},
{
  "model": "trains.train",
  "pk": 19,
  "fields": {
    "name": "TR1",
    "travel_time": 20,
    "from_city": 13,
    "to_city": 3
  }
},
{
  "model": "trains.train",
  "pk": 20,
  "fields": {
    "name": "TR2",
    "travel_time": 30,
    "from_city": 2,
    "to_city": 3
  }
},
{
  "model": "trains.train",
  "pk": 21,
  "fields": {
    "name": "SA1",
    "travel_time": 25,
    "from_city": 18,
    "to_city": 27
  }
},
{
  "model": "trains.train",
  "pk": 22,
  "fields": {
    "name": "SA4",
    "travel_time": 13,
    "from_city": 12,
    "to_city": 27
  }
},
{
  "model": "trains.train",
  "pk": 23,
  "fields": {
    "name": "MS1",
    "travel_time": 40,
    "from_city": 15,
    "to_city": 3
  }
},
{
  "model": "trains.train",
  "pk": 24,
  "fields": {
    "name": "KL5",
    "travel_time": 22,
    "from_city": 3,
    "to_city": 14
  }
},
{
  "model": "trains.train",
  "pk": 25,
  "fields": {
    "name": "KL3",
    "travel_time": 17,
    "from_city": 3,
    "to_city": 35
  }
},
{
  "model": "trains.train",
  "pk": 26,
  "fields": {
    "name": "LD8",
    "travel_time": 22,
    "from_city": 35,
    "to_city": 11
  }
},
{
  "model": "trains.train",
  "pk": 27,
  "fields": {
    "name": "PL2",
    "travel_time": 30,
    "from_city": 18,
    "to_city": 11
  }
},
{
  "model": "trains.train",
  "pk": 28,
  "fields": {
    "name": "RE4",
    "travel_time": 18,
    "from_city": 18,
    "to_city": 13
  }
},
{
  "model": "trains.train",
  "pk": 29,
  "fields": {
    "name": "ER8",
    "travel_time": 19,
    "from_city": 17,
    "to_city": 18
  }
},
{
  "model": "trains.train",
  "pk": 30,
  "fields": {
    "name": "WQ",
    "travel_time": 25,
    "from_city": 27,
    "to_city": 18
  }
},
{
  "model": "trains.train",
  "pk": 31,
  "fields": {
    "name": "HE6",
    "travel_time": 17,
    "from_city": 15,
    "to_city": 18
  }
},
{
  "model": "trains.train",
  "pk": 32,
  "fields": {
    "name": "KJ2",
    "travel_time": 18,
    "from_city": 18,
    "to_city": 29
  }
},
{
  "model": "trains.train",
  "pk": 33,
  "fields": {
    "name": "GD6",
    "travel_time": 20,
    "from_city": 15,
    "to_city": 18
  }
},
{
  "model": "trains.train",
  "pk": 34,
  "fields": {
    "name": "LH",
    "travel_time": 35,
    "from_city": 35,
    "to_city": 4
  }
},
{
  "model": "trains.train",
  "pk": 35,
  "fields": {
    "name": "LP6",
    "travel_time": 8,
    "from_city": 35,
    "to_city": 14
  }
},
{
  "model": "trains.train",
  "pk": 36,
  "fields": {
    "name": "PB8",
    "travel_time": 12,
    "from_city": 14,
    "to_city": 13
  }
},
{
  "model": "trains.train",
  "pk": 37,
  "fields": {
    "name": "BH5",
    "travel_time": 15,
    "from_city": 13,
    "to_city": 4
  }
},
{
  "model": "trains.train",
  "pk": 38,
  "fields": {
    "name": "PR10",
    "travel_time": 25,
    "from_city": 14,
    "to_city": 11
  }
},
{
  "model": "trains.train",
  "pk": 39,
  "fields": {
    "name": "PB2",
    "travel_time": 7,
    "from_city": 14,
    "to_city": 15
  }
},
{
  "model": "trains.train",
  "pk": 40,
  "fields": {
    "name": "BB3",
    "travel_time": 10,
    "from_city": 15,
    "to_city": 13
  }
},
{
  "model": "trains.train",
  "pk": 41,
  "fields": {
    "name": "BP7",
    "travel_time": 8,
    "from_city": 13,
    "to_city": 3
  }
},
{
  "model": "trains.train",
  "pk": 42,
  "fields": {
    "name": "VV1",
    "travel_time": 10,
    "from_city": 3,
    "to_city": 23
  }
},
{
  "model": "trains.train",
  "pk": 43,
  "fields": {
    "name": "VR1",
    "travel_time": 12,
    "from_city": 23,
    "to_city": 11
  }
}
]
